Protein1,Residue1,Protein2,Residue2
A,1601,B,1601
A,1605,B,1605
A,1608,B,1608
A,1612,B,1608
A,1654,B,1654
A,1654,B,1657
A,1657,B,1657
A,1657,B,1661
A,1661,B,1660
A,1661,B,1664
A,1664,B,1661
A,1664,B,1664
A,1664,B,1665
A,1664,B,1668
A,1668,B,1664
A,1668,B,1667
A,1668,B,1668
A,1668,B,1671
A,1671,B,1671
A,1682,B,1682
A,1685,B,1682
A,1689,B,1685
A,1689,B,1688
A,1689,B,1689
A,1693,B,1692
A,1696,B,1696
A,1699,B,1699
A,1703,B,1699
A,1703,B,1702
A,1706,B,1706
A,1710,B,1706
A,1710,B,1709
A,1713,B,1710
A,1713,B,1713
A,1713,B,1714
A,1713,B,1717
A,1720,B,1717
A,1720,B,1720
A,1720,B,1724
A,1723,B,1724
A,1724,B,1720
A,1724,B,1723
A,1724,B,1724
A,1724,B,1727
A,1727,B,1724
A,1727,B,1727
A,1727,B,1728
A,1727,B,1731
A,1730,B,1731
A,1731,B,1727
A,1731,B,1730
A,1731,B,1731
A,1731,B,1734
A,1734,B,1731
A,1734,B,1734
A,1734,B,1735
A,1749,B,1745
A,1749,B,1748
A,1759,B,1759
A,1766,B,1766
A,1773,B,1770
A,1773,B,1773
A,1773,B,1774
A,1780,B,1777
A,1780,B,1780
A,1780,B,1781
A,1783,B,1784
A,1784,B,1780
A,1784,B,1783
A,1784,B,1784
A,1784,B,1787
A,1787,B,1784
A,1787,B,1787
A,1787,B,1788
A,1791,B,1787
A,1794,B,1794
A,1798,B,1798
