A_A,B_B,avg_contact_probability
1430,1430,0.72
1433,1433,0.66
1500,1500,0.7
1504,1504,0.61
1514,1514,0.69
1518,1518,0.74
1521,1521,0.74
1528,1528,0.76
1535,1535,0.79
1542,1542,0.68
1545,1545,0.67
1556,1556,0.76
1559,1559,0.7
1563,1563,0.68
1566,1566,0.66
1573,1573,0.72
1577,1577,0.69
1580,1580,0.67
1594,1594,0.61
1594,1598,0.57
1598,1598,0.69
1601,1601,0.6
1605,1605,0.67
1608,1608,0.6
1657,1657,0.62
1657,1661,0.62
1664,1664,0.54
1664,1668,0.62
1668,1668,0.59
1682,1682,0.72
1685,1689,0.68
1689,1685,0.68
1689,1689,0.71
1696,1696,0.66
1699,1699,0.77
1706,1706,0.63
1710,1710,0.72
1713,1710,0.72
1713,1713,0.7
1713,1717,0.66
1717,1713,0.66
1717,1720,0.68
1720,1717,0.67
1720,1720,0.64
1720,1724,0.68
1723-1724,1724,0.66
1724,1720,0.67
1724,1723-1724,0.66
1724,1727,0.7
1727,1724,0.7
1727,1727,0.61
1727,1731,0.62
1730-1731,1731,0.63
1731,1727,0.62
1731,1730-1731,0.63
1731,1734,0.59
1734,1731,0.59
1734,1734,0.63
1759,1759,0.77
1766,1766,0.77
1773,1773,0.66
1780,1780,0.71
1780,1784,0.66
1783-1784,1784,0.72
1784,1780,0.66
1784,1783-1784,0.72
1784,1787,0.64
1787,1784,0.64
1787,1787,0.76
1787,1791,0.55
1791,1787,0.56
1791,1791,0.63
1794,1794,0.71
1798,1798,0.76
1801,1801,0.7
1805,1805,0.67
1808,1808-1809,0.69
1808,1812,0.63
1811,1812,0.67
1812,1808,0.63
1812,1811,0.67
1812,1815,0.63
1815,1812,0.64
1815,1815-1816,0.63
1815,1819,0.62
1815-1816,1815,0.64
1818-1819,1819,0.68
1819,1815,0.62
1819,1818-1819,0.69
1819,1822,0.59
1822,1819,0.6
1822,1822,0.7
1836,1836,0.6
1839,1839,0.65
