A,B
113,75
148,84-85
148-149,84
149,70
165-173,72
166,70-72
166-167,70
166-167,81-84
167,81-87
169,70-73
169,80-82
166-169,82
167-169,108
169-173,72-73
171,70-73
171-173,71-73
171-174,58
172-173,55
172-173,71-75
173,55-59
173-174,58-59
284-286,58-59
284-287,59
285-286,70
286,58-61
286,68-71
288,61
288,68
288-289,70
351,105
351-352,107
354,16
354,106-107
354-355,107
354-355,109-110
355,107-110
357,113
361,113
364-365,117
365,113
365,116-117
365,120
369,113
369,116
371,73
371,75
371-372,78
371-372,116
371-375,112
372,109-117
372-373,109-110
372-373,112-113
372-375,109
373,107-110
375,72-73
375,75
375,78
375,80
375,108-109
