A,E
12-15,21
13-15,21-22
14,20-22
15,21-23
15-19,4
17,4-5
16-17,20
152,23-24
152-153,24
155-156,24
156,23-26
159,25
167-168,26-27
168,25-27
262,27
265,26-27
685,3-5
685,20
685-686,3-4
686,2-4
686,15-16
689,14-15
691,2
691,14-15
691-692,15
694,16
695,17
697,3-5
697,17-20
697-698,18-20
697-699,19-20
697-700,20
699,4-5
699-700,4
702,20
722,22-23
724,22-23
740,1-2
740,10
742,14
743,13
746,10
746,13
746-749,1
748-749,10
749-750,8-9
750,11
753,11
757,12
759-760,1
760,10
760,12-13
760-764,13
762,1-2
762,10
762,13-15
762-766,14
764-767,2
766,1-2
766,10
766,13-15
768,1
770,2
771,3
778,4
780,4
780,21-23
782,21-23
782-783,21
844,8
844,11
844,16-17
847,11-12
847,16-17
849,8-9
849,16-17
846-849,11
851,7-8
879,6-7
879-880,7
882-883,6-7
882-884,7
883,6-8
883,18-19
886,6-7
886,18-20
886-887,7
886-887,18-19
887,7-8
887,17-19
889-890,19
890,18-19
749,8-10
762-764,13-14
