uniprot_id,protein,chain_id,pdb_id,coverage,modeled_coverage,modeled_residues,unp_start,unp_end,start,end,resolution
P39825,Cdc3,A,3d9y,1.0,0.99,1-126,1,127,1,127,1.65
,,A,3dav,1.0,0.99,1-126,1,127,1,127,2.2
P15924-1,Dp1,A,1lm5,0.075,0.07,"2616-2698,2706-2811",2609,2822,1,214,1.8
,,A,5dzz,0.17,0.17,1960-2448,1960,2448,6,494,2.6
,,A,3r6n,0.157,0.16,178-627,178,627,1,450,2.95
,,A,1lm7,0.086,0.08,"2209-2239,2242-2448",2209,2456,1,248,3.0
Q14839,CHD4,A,6q3m,0.123,0.11,"446-586,602-676",444,679,3,238,2.52
,,X,4o9i,0.094,0.09,"16-50,55-108,114-200",499,677,22,200,2.6
,,A,8d4y,0.225,0.11,"1400-1439,1445-1468,1488-1520,1696-1808",1380,1810,1,431,2.9
,,W,6ryr,1.0,0.37,"446-511,539-585,592-678,705-1212",1,1912,4,1927,3.1
,,V,6ryu,1.0,0.48,"446-511,539-585,592-678,705-1416",1,1912,4,1927,4.0
